,0,1,2,3,4,5,6,7,8,9,10,11
0,1,1,1,1,1,1,4,3,5,4,2,5
1,3,3,1,1,1,2,2,3,2,1,6,5
2,3,3,1,1,1,3,2,3,4,1,6,5
3,5,5,4,1,1,3,2,3,2,4,6,6
4,1,1,1,1,1,1,4,3,5,4,2,5
5,1,1,1,1,1,3,4,3,5,4,2,5
6,3,8,1,1,1,3,2,3,4,4,2,5
7,1,1,1,1,1,3,1,2,1,4,6,7
8,3,8,1,1,1,1,1,3,1,4,2,7
9,3,4,2,2,1,3,5,3,1,3,3,5
10,1,8,1,1,1,3,2,3,4,4,2,5
11,3,4,2,2,1,3,5,3,1,3,3,5
12,6,8,1,1,1,3,2,2,5,4,6,5
13,3,8,3,1,1,1,1,3,4,2,2,5
14,7,8,3,1,3,4,3,1,2,3,2,5
15,7,8,3,2,3,4,3,1,2,3,2,5
16,7,5,4,1,1,4,5,3,4,3,3,7
17,3,8,3,1,2,3,2,3,2,5,2,5
18,1,8,1,2,1,1,1,3,1,4,2,4
19,3,5,2,1,2,3,2,3,6,5,2,6
20,7,5,2,1,1,2,2,3,1,4,2,6
21,3,2,3,1,1,2,2,1,5,1,6,5
22,3,2,3,1,1,1,4,3,2,3,2,5
23,7,4,1,1,1,1,2,3,2,4,2,5
24,1,2,1,1,1,3,4,3,1,1,6,6
25,6,2,3,1,1,1,1,2,4,4,2,5
26,3,2,3,1,1,1,1,3,4,4,2,5
27,3,2,3,1,1,1,4,3,2,3,2,5
28,1,1,1,1,1,3,4,3,5,4,2,5
29,3,1,1,1,1,1,1,3,1,4,6,6
30,1,1,1,1,1,3,5,3,1,4,6,5
31,1,1,1,1,1,2,4,3,1,4,3,6
32,3,1,1,1,1,3,3,3,2,1,6,5
33,1,8,1,3,1,4,5,1,1,4,2,6
34,6,5,3,1,1,3,4,3,1,4,2,5
35,3,1,1,2,1,1,1,1,1,4,2,6
36,3,8,1,1,1,1,1,3,1,1,5,6
37,3,2,3,1,1,3,4,3,2,1,6,7
38,6,7,1,1,3,1,1,2,5,4,6,4
39,1,4,2,2,1,3,5,3,4,3,3,5
40,1,4,2,2,1,3,5,3,4,3,3,5
41,7,8,3,1,1,3,4,3,4,4,2,4
42,3,4,3,1,2,1,1,3,2,3,3,6
43,3,1,3,1,1,1,1,3,4,5,3,5
44,1,1,1,1,1,1,1,3,5,4,2,5
45,6,4,1,1,1,1,2,2,3,4,4,4
46,3,7,2,1,1,2,3,3,4,1,2,5
47,7,5,2,1,1,3,4,3,4,4,2,5
48,6,2,3,1,1,1,1,3,4,4,2,5
49,6,5,2,1,1,3,5,2,4,4,2,5
50,7,1,3,1,1,1,1,3,2,3,2,5
51,1,4,1,1,1,1,1,2,1,1,2,6
52,1,4,1,1,1,1,1,2,1,1,2,6
53,7,2,2,1,1,2,3,3,2,4,2,5
54,3,4,1,1,1,2,2,2,2,1,6,6
55,3,8,1,1,1,2,4,3,4,4,2,5
56,2,2,4,1,1,1,1,3,6,1,2,5
57,3,8,1,2,1,4,5,1,4,3,2,5
58,3,8,3,1,1,3,2,3,1,4,6,5
59,1,2,3,1,1,1,4,3,1,4,2,6
60,7,2,2,1,1,3,2,3,1,1,2,5
61,3,1,2,1,1,3,5,3,2,1,2,5
62,3,4,3,1,1,3,4,3,1,1,2,7
63,1,1,1,1,1,3,2,3,1,4,6,5
64,1,1,1,2,1,1,1,3,1,4,5,5
65,1,1,1,2,1,1,1,3,1,4,5,5
66,3,4,1,1,1,1,4,3,1,4,2,5
67,1,1,1,1,1,1,1,3,1,4,3,5
68,7,5,4,1,1,2,2,3,4,3,3,5
69,3,1,1,1,1,1,1,3,4,3,3,6
70,3,8,1,1,1,3,1,3,4,4,2,6
71,3,1,3,1,1,3,5,3,4,4,2,5
72,3,1,3,1,1,3,5,3,4,4,2,5
73,3,1,3,1,1,1,4,3,4,4,2,4
74,2,5,4,1,1,2,5,1,4,3,2,5
75,7,2,4,1,1,1,4,1,5,1,3,5
76,7,2,4,1,1,1,4,1,5,1,3,5
77,1,3,1,1,1,3,4,3,5,4,3,6
78,1,3,1,1,1,3,5,3,1,4,6,5
79,3,8,3,1,1,2,3,3,2,5,2,4
80,6,4,3,1,1,1,1,3,1,4,2,5
81,3,2,4,1,2,2,2,3,2,5,2,5
82,1,4,2,1,1,3,2,3,1,4,2,5
83,1,1,3,1,2,3,4,3,2,5,2,5
84,6,5,2,1,1,3,2,3,1,3,3,6
85,1,8,1,1,1,3,4,3,1,4,6,5
86,7,4,3,1,1,3,3,3,6,2,6,6
87,3,4,3,1,1,1,4,3,1,1,2,5
88,7,2,2,1,1,2,3,3,2,5,2,5
89,1,8,1,1,1,1,1,3,5,4,2,5
90,3,4,3,1,1,4,3,3,2,4,2,5
91,7,4,3,1,1,3,3,3,6,2,6,6
92,7,4,3,1,1,3,3,3,6,2,6,5
93,3,4,3,1,1,1,4,3,1,1,2,5
94,6,7,1,1,1,4,5,2,3,4,3,4
95,6,8,3,1,1,3,5,2,3,1,4,6
96,1,3,1,1,1,1,1,3,1,4,3,5
97,1,4,3,1,1,1,1,3,4,1,2,5
98,3,3,1,1,1,1,1,3,1,4,6,5
99,3,4,3,1,1,3,4,3,4,4,2,6
100,3,8,3,1,1,1,4,3,1,1,6,6
101,3,4,3,1,1,1,1,3,4,4,3,6
102,3,4,3,1,1,3,4,3,4,4,2,6
103,3,8,3,1,1,3,2,3,4,4,2,5
104,1,4,3,1,1,1,4,3,4,4,2,5
105,3,8,3,1,1,3,2,3,4,4,2,5
106,3,2,4,1,2,3,2,3,6,5,2,5
107,6,8,3,1,1,3,2,3,1,3,2,5
108,3,5,2,1,1,3,5,3,1,3,2,6
109,3,3,2,1,1,4,3,3,2,1,2,5
110,3,8,3,1,1,3,4,3,2,3,2,5
111,3,8,1,1,1,1,5,3,2,1,6,5
112,3,8,1,1,1,3,5,3,2,1,6,5
113,2,5,2,1,1,2,4,1,4,1,6,6
114,3,8,3,1,1,3,4,3,2,3,2,5
115,7,2,3,1,1,3,2,3,6,1,3,6
116,3,4,3,1,1,1,4,3,1,1,6,6
117,3,8,1,1,1,1,1,3,1,4,2,6
118,7,8,1,1,1,3,2,3,2,1,5,6
119,1,1,1,1,1,2,5,3,4,4,2,6
120,1,7,1,1,3,1,5,3,4,4,2,5
121,7,8,1,1,1,3,2,3,2,1,5,6
122,1,1,1,1,1,1,1,3,5,4,2,5
123,3,1,1,1,1,1,4,3,1,4,2,5
124,3,4,3,1,1,3,5,3,1,4,2,5
125,7,8,1,1,3,2,5,1,2,1,2,5
126,3,6,1,1,1,1,1,3,5,4,5,5
127,3,6,1,1,1,1,1,3,5,4,5,5
128,3,8,3,1,1,1,1,3,1,3,3,7
129,6,2,1,1,1,1,1,2,1,4,2,5
130,3,1,4,1,1,2,3,3,4,1,2,5
131,6,4,1,1,1,3,5,2,3,1,4,5
132,6,4,1,1,1,3,5,2,3,1,4,5
133,1,4,1,1,1,3,1,2,1,4,6,6
134,3,7,1,1,1,3,1,3,2,4,6,6
135,3,1,1,1,1,3,2,3,2,3,2,5
136,3,1,1,1,1,1,2,3,2,3,2,5
137,1,2,2,1,1,3,4,3,5,1,2,5
138,3,8,3,1,1,3,5,3,4,4,2,5
139,3,8,3,1,1,3,5,3,4,4,2,5
140,3,1,1,1,1,3,2,3,2,3,2,5
141,3,1,1,1,1,1,2,3,2,3,2,5
142,6,2,1,1,1,2,2,2,3,3,7,6
143,6,2,1,1,1,1,1,2,4,4,2,5
144,6,2,1,1,1,2,2,2,3,3,7,6
145,3,1,4,1,1,2,3,3,2,1,2,5
146,6,1,1,1,1,3,5,2,5,4,6,5
147,3,4,3,1,3,1,5,3,2,3,2,5
148,1,4,1,1,1,3,4,3,1,4,6,6
149,3,2,2,1,1,1,4,3,5,1,3,6
150,1,5,2,1,1,1,1,3,4,4,3,6
151,7,4,4,1,2,2,2,1,6,2,2,4
152,3,8,1,1,1,2,5,2,1,4,6,5
153,3,8,1,1,1,2,5,2,1,4,6,5
154,1,2,2,2,1,2,3,3,1,1,3,5
155,1,2,2,2,1,2,3,3,1,1,3,5
156,1,2,2,2,1,2,3,3,1,1,3,5
157,1,2,2,2,1,2,3,3,1,1,3,5
158,1,1,1,1,1,3,1,3,5,4,2,5
159,1,8,3,1,1,3,5,3,5,4,2,6
160,3,7,1,1,1,1,1,3,2,4,2,5
161,3,1,1,1,1,1,1,3,2,5,2,4
162,3,4,1,1,1,3,4,3,4,4,6,6
163,1,8,3,2,1,4,3,1,1,4,2,5
164,1,8,3,2,1,4,3,1,1,4,2,5
165,3,8,2,1,1,3,5,3,2,1,2,5
166,1,1,1,1,1,3,5,2,4,4,6,5
167,1,8,1,1,1,3,4,2,1,4,2,4
168,1,8,1,1,1,1,4,2,5,4,3,6
169,3,1,3,1,2,3,2,3,6,2,2,5
170,3,3,1,1,1,1,1,3,1,4,2,4
171,3,2,3,1,1,1,1,3,4,1,2,6
172,3,2,3,1,1,1,1,3,4,1,2,6
173,1,8,1,1,1,2,4,3,1,4,1,6
174,1,2,3,1,1,1,4,3,4,4,2,5
175,1,4,1,1,1,3,4,3,1,3,2,5
176,1,2,3,1,1,1,4,3,4,4,2,5
177,3,4,2,1,1,1,4,3,5,1,3,6
178,1,3,1,1,1,1,1,3,5,4,2,5
179,7,8,1,1,1,1,4,3,2,4,2,5
180,7,8,1,1,1,1,4,3,2,4,2,5
181,7,8,2,1,3,2,5,3,2,5,2,5
182,1,1,1,1,1,3,4,3,1,4,2,5
183,1,8,3,1,1,1,2,3,5,4,2,5
184,1,8,3,1,1,1,2,3,5,4,2,6
185,7,5,4,1,1,2,5,3,4,4,6,5
186,1,2,2,1,1,3,2,3,4,4,2,5
187,3,1,1,1,1,1,1,3,1,4,6,5
188,3,4,3,1,1,3,3,3,2,4,2,5
189,3,4,3,1,1,3,3,3,2,4,2,5
190,3,4,3,1,1,3,3,3,2,1,2,5
191,6,2,3,1,1,3,4,3,5,1,6,6
192,1,8,1,1,1,3,3,3,4,1,2,5
193,3,8,3,1,1,1,1,3,4,4,6,5
194,3,8,3,1,1,1,1,3,4,4,6,5
195,3,8,3,1,1,2,3,3,4,4,2,5
196,1,8,3,1,1,3,2,3,1,4,6,5
197,5,5,4,1,1,3,1,1,2,5,6,6
198,6,3,1,1,1,3,5,2,5,3,4,7
199,1,7,1,1,1,3,4,2,5,4,5,4
200,2,5,2,1,1,1,1,3,2,3,3,7
201,7,2,2,1,1,4,3,3,6,5,2,5
202,1,4,1,1,1,3,4,2,1,3,2,5
203,1,2,3,1,1,3,4,3,4,4,2,5
204,1,2,2,1,1,3,4,3,4,4,2,6
205,4,5,4,1,1,1,1,1,2,3,5,7
206,4,5,4,1,1,1,1,1,2,3,5,7
207,3,8,3,1,1,2,3,3,4,4,2,5
208,3,2,3,1,1,3,5,3,2,1,2,5
209,5,5,4,1,1,1,1,3,4,3,3,7
210,2,4,4,1,1,1,1,3,4,3,4,6
211,3,1,3,1,1,1,2,3,1,4,6,6
212,5,2,4,1,1,1,1,3,2,1,6,6
213,3,8,3,1,1,2,2,3,4,4,6,5
214,3,1,1,1,1,1,4,3,4,1,6,6
215,1,4,2,2,1,2,3,3,4,3,3,5
216,7,8,3,1,1,3,4,3,2,4,5,5
217,3,1,3,1,1,1,4,3,1,4,2,5
218,3,4,3,1,1,1,4,3,1,4,6,5
219,3,4,3,1,1,2,3,3,4,1,2,5
220,3,2,2,1,1,2,2,3,4,4,2,6
221,1,4,3,1,1,3,2,3,2,4,2,5
222,1,8,1,1,1,1,1,2,1,1,2,5
223,7,1,3,1,1,1,1,1,4,1,6,6
224,3,8,2,1,1,3,2,3,4,4,3,4
225,3,2,3,1,1,2,2,3,1,4,3,6
226,7,8,2,1,2,2,5,3,6,2,2,6
227,7,3,1,1,1,1,1,1,1,1,6,5
228,3,2,3,1,1,2,2,3,1,4,3,6
229,1,4,3,1,1,1,4,3,1,4,5,5
230,6,4,1,1,1,3,5,2,5,1,4,7
231,3,2,1,1,1,3,4,3,1,4,6,6
232,7,2,3,1,1,3,2,3,4,1,2,6
233,1,4,3,1,1,1,4,3,1,4,5,5
234,3,7,1,1,1,1,4,3,4,4,2,6
235,1,8,1,1,1,3,4,3,1,4,2,6
236,1,8,1,1,1,3,4,3,1,4,2,6
237,1,1,1,1,1,3,4,3,1,4,2,6
238,1,8,1,1,1,3,4,3,1,4,2,6
239,3,7,1,1,1,1,4,3,4,4,2,6
240,7,8,2,1,3,1,2,3,6,5,2,5
241,5,2,4,1,1,1,1,1,2,1,5,6
242,3,8,1,1,1,2,5,2,6,4,6,6
243,4,5,2,1,1,1,1,1,6,3,2,7
244,4,5,2,1,1,1,1,1,6,3,2,7
245,1,1,1,1,1,1,1,1,5,5,6,6
246,1,1,1,1,1,3,4,3,1,4,2,5
247,3,8,3,1,1,1,2,3,2,4,2,5
248,3,4,1,1,1,1,4,3,1,4,6,6
249,1,1,1,1,1,1,1,1,5,5,6,6
250,2,5,2,1,1,3,4,1,2,3,6,6
251,1,8,1,1,1,3,4,3,5,1,6,6
252,5,2,2,1,1,1,1,1,2,4,3,5
253,3,3,2,1,1,1,5,3,2,4,2,5
254,1,8,1,1,1,3,4,3,5,1,6,6
255,3,8,3,1,1,3,3,3,4,4,2,5
256,7,2,2,1,1,1,1,3,2,1,2,5
257,1,1,1,1,1,3,2,3,5,1,2,5
258,3,2,4,1,2,1,4,3,6,5,2,5
259,2,5,2,1,1,3,4,1,1,3,3,7
260,3,5,3,1,1,3,4,3,4,1,2,5
261,1,7,1,1,1,3,2,2,1,1,2,4
262,3,4,1,1,1,1,4,3,4,4,6,5
263,3,2,3,1,1,2,4,3,4,1,2,5
264,5,8,2,1,1,1,1,1,6,3,5,5
265,5,5,2,1,1,1,1,3,2,1,6,7
266,3,3,1,1,1,2,2,1,5,1,6,4
267,3,2,2,1,1,3,4,3,1,3,4,8
268,1,4,1,1,1,1,1,1,3,3,2,6
269,5,5,2,2,1,1,1,1,4,5,6,6
270,3,4,1,2,1,2,2,3,1,1,3,6
271,5,5,2,2,1,1,1,1,4,5,6,6
272,2,2,4,2,1,3,2,1,2,3,6,5
273,3,1,3,1,1,1,4,3,4,1,2,5
274,3,1,3,2,1,2,5,1,1,3,2,5
275,3,4,1,2,1,2,2,3,1,1,3,6
276,1,4,1,1,1,1,1,1,3,3,2,6
277,5,5,2,2,1,1,1,1,4,5,6,6
278,2,5,2,2,1,1,1,3,2,3,4,8
279,7,2,3,2,1,1,4,1,1,3,3,7
280,5,5,2,1,1,1,1,1,2,3,2,6
281,3,5,4,1,2,1,1,3,4,5,6,7
282,3,4,1,1,1,3,2,3,1,4,2,5
283,7,2,3,2,1,1,4,1,1,3,3,7
284,2,8,1,1,1,2,2,1,4,1,6,5
285,2,8,1,1,1,2,2,1,4,1,6,5
286,5,4,4,1,1,2,4,1,6,3,3,6
287,3,2,1,1,1,2,2,3,1,1,3,6
288,7,4,1,1,1,3,4,3,4,3,3,7
289,5,2,2,1,1,2,5,1,2,3,2,5
290,7,4,1,1,1,3,4,3,4,3,3,7
291,5,5,2,1,2,1,1,3,4,1,3,5
292,2,8,3,1,1,3,4,1,2,1,3,6
293,1,2,3,1,1,1,1,3,1,1,6,6
294,4,2,2,1,1,3,2,1,6,3,2,6
295,2,4,2,1,1,1,1,1,6,1,2,5
296,2,3,2,1,1,2,2,1,2,4,6,5
297,1,8,1,1,1,1,1,1,3,1,2,5
298,1,1,1,1,1,1,4,1,3,3,6,5
299,1,1,1,1,1,1,4,1,3,1,2,5
300,3,4,1,1,1,3,4,3,1,4,3,6
301,5,5,2,1,1,1,1,3,2,1,6,6
302,3,1,1,1,1,3,1,1,5,1,6,5
303,1,1,1,1,3,1,1,3,1,4,2,5
304,3,1,4,1,1,3,5,3,2,4,2,5
305,2,4,2,1,1,1,1,1,2,4,2,6
306,3,8,3,1,1,1,2,3,1,4,2,5
307,2,2,2,1,3,1,1,1,2,1,2,6
308,2,2,2,1,3,1,1,1,2,1,2,6
309,1,5,2,1,1,1,4,3,1,4,2,6
310,2,4,2,1,1,1,1,1,2,4,2,6
311,3,4,3,1,1,3,5,3,4,4,2,6
312,7,4,3,1,1,3,5,1,4,1,2,6
313,7,4,3,1,1,2,3,3,4,4,2,5
314,1,2,3,1,1,2,2,3,1,1,5,5
315,1,2,3,1,1,3,2,3,1,1,5,6
316,2,8,3,1,1,4,5,1,4,1,6,5
317,2,3,1,1,1,2,2,1,4,1,3,6
318,2,1,2,1,1,3,2,1,1,1,1,7
319,2,3,1,1,1,2,2,1,4,1,3,6
320,2,1,2,1,1,3,2,1,1,1,1,7
321,7,8,3,1,1,2,5,1,4,1,6,5
322,3,8,1,1,1,1,1,3,4,1,2,5
323,2,8,2,1,1,4,2,1,4,1,2,6
324,2,4,3,3,1,3,4,1,2,1,2,6
325,2,4,3,3,1,3,4,1,2,1,2,6
326,5,4,4,1,1,1,1,3,6,3,1,7
327,2,2,2,2,1,1,1,3,4,3,1,5
328,4,5,4,1,1,1,1,1,2,1,6,6
329,2,4,2,1,1,1,1,1,2,1,2,5
330,2,2,4,1,1,1,4,3,2,1,4,6
331,2,2,4,1,1,1,4,3,2,1,4,6
332,3,8,3,1,1,3,3,3,2,4,2,6
333,3,8,1,1,1,3,4,3,2,4,5,5
334,3,1,1,1,1,3,4,3,4,3,1,7
335,5,1,2,1,1,1,1,1,2,3,4,7
336,7,2,2,1,1,1,1,2,1,1,4,6
337,3,2,3,1,1,2,2,3,4,1,3,5
338,5,4,4,1,1,2,5,1,2,5,1,6
339,5,5,4,1,1,3,1,1,2,5,6,7
340,5,2,2,1,1,1,1,1,2,5,2,6
341,2,2,2,1,1,1,1,3,2,3,5,6
342,2,2,2,1,1,1,1,1,4,3,6,6
343,2,2,2,1,1,1,1,1,4,3,6,6
344,5,8,2,1,1,1,4,1,2,3,3,6
345,1,1,1,1,1,4,2,3,5,3,6,5
346,1,3,1,1,1,3,4,2,5,3,4,7
347,4,4,4,1,1,1,1,1,6,3,1,6
348,2,8,3,1,1,3,4,3,2,3,6,6
349,7,3,1,1,1,1,1,1,1,3,2,6
350,2,1,3,1,1,3,4,1,4,5,6,6
351,7,3,1,1,1,1,1,1,1,3,2,6
352,3,1,1,1,1,1,1,3,4,1,2,5
353,4,4,4,2,1,2,2,1,2,3,4,5
354,6,5,2,1,1,4,3,2,4,4,1,6
355,1,3,1,1,1,3,4,2,5,1,4,6
356,5,2,2,1,1,2,2,1,4,3,5,5
357,2,2,4,1,1,3,1,3,4,3,1,7
358,5,2,4,1,1,1,1,1,2,3,3,7
359,5,2,4,1,1,1,4,1,2,1,6,6
360,3,1,3,1,1,3,5,3,2,1,2,5
361,7,4,3,1,1,3,4,1,1,3,6,6
362,5,8,4,1,1,1,4,1,6,4,6,5
363,5,4,4,1,1,1,1,1,6,3,6,5
364,4,8,4,2,1,1,4,1,6,1,6,7
365,2,2,2,1,1,1,1,3,4,3,1,6
366,4,8,4,2,1,1,4,1,6,1,6,7
367,2,8,4,1,1,1,1,1,2,1,2,5
368,2,2,2,1,3,3,2,1,2,1,2,5
369,7,5,2,1,1,1,1,3,2,5,1,7
370,1,3,1,1,1,4,2,3,5,3,6,5
371,3,5,2,1,1,1,1,3,4,3,2,6
372,7,5,2,1,1,2,4,3,4,5,3,6
373,1,8,3,1,1,3,2,3,6,1,2,5
374,4,2,4,1,1,1,4,1,6,3,5,6
375,5,4,4,2,1,1,1,1,6,3,1,7
376,5,4,2,1,1,3,4,1,4,5,5,6
377,7,5,2,1,1,1,1,3,2,5,1,7
378,5,8,4,2,1,1,1,1,2,5,7,6
379,3,2,2,1,1,2,2,3,4,1,5,6
380,3,5,2,1,1,1,1,3,2,3,2,6
381,4,2,4,1,1,3,4,1,6,3,6,6
382,3,5,2,1,1,1,1,3,2,3,2,6
383,3,5,2,1,1,1,1,3,2,3,2,6
384,3,4,3,1,1,2,2,3,1,3,2,5
385,1,8,1,1,1,1,4,3,1,3,6,6
386,3,4,3,1,1,2,4,1,1,3,2,6
387,3,1,1,1,1,3,4,3,4,4,2,6
388,3,4,3,1,1,2,2,1,1,3,2,6
389,2,2,3,1,1,3,4,1,2,1,6,7
390,6,3,1,1,1,3,5,2,5,3,4,8
391,4,2,4,1,1,3,4,1,6,3,6,6
392,7,2,2,1,1,1,1,3,2,4,2,5
393,3,1,4,1,1,3,5,3,2,4,2,5
394,4,8,4,1,1,1,1,1,6,4,6,5
395,5,2,4,2,1,1,4,1,2,1,4,7
396,1,1,1,2,1,4,3,1,5,4,6,5
397,5,8,4,1,1,3,4,1,2,1,5,6
398,5,8,4,1,1,3,4,1,2,1,5,6
399,7,3,3,1,1,1,4,3,6,4,2,5
400,1,1,1,2,1,4,3,1,5,4,6,5
401,3,5,3,1,1,3,4,2,4,4,5,6
402,5,4,4,1,1,3,2,1,6,1,3,6
403,5,8,2,1,1,1,4,1,2,1,3,6
404,3,1,1,1,1,3,1,3,4,1,2,5
405,7,5,2,1,1,1,1,3,1,3,6,6
406,2,2,2,1,1,1,1,1,4,1,5,6
407,5,2,4,1,1,3,4,1,2,1,5,7
408,2,2,4,1,3,1,1,3,2,1,5,6
409,5,4,2,2,1,2,4,1,6,4,2,4
410,7,2,3,1,1,2,5,1,1,1,2,6
411,7,4,3,1,1,2,2,1,1,1,2,5
412,1,1,3,1,1,3,2,3,4,1,2,5
413,2,2,2,2,1,1,1,1,4,3,1,7
414,7,4,3,1,1,2,3,1,4,1,2,5
415,7,1,3,2,1,2,3,1,4,5,2,5
416,2,4,4,1,1,1,1,3,4,1,1,6
417,1,8,1,1,1,2,3,2,1,4,3,5
418,5,2,2,1,1,1,1,1,4,3,3,6
419,1,3,1,1,1,2,2,3,5,1,6,5
420,7,8,3,1,1,4,2,3,4,1,1,7
421,1,3,1,1,1,2,4,2,5,4,4,7
422,3,7,3,1,1,3,2,2,1,4,5,5
423,2,5,2,1,1,1,1,3,2,3,5,7
424,3,7,3,1,1,3,2,2,1,4,5,5
425,1,3,1,1,1,2,4,2,5,4,4,7
426,6,1,1,1,1,3,4,2,5,4,5,6
427,7,3,3,1,1,1,4,1,4,4,3,6
428,7,4,3,1,1,1,4,3,4,1,2,5
429,4,3,4,1,1,3,4,1,6,1,3,6
430,2,5,2,1,1,1,1,3,2,3,5,7
431,3,8,3,1,1,3,2,3,4,4,2,5
432,5,2,4,1,1,3,1,3,6,1,4,6
433,5,2,4,1,1,1,1,1,2,4,2,5
434,2,2,4,1,1,2,2,1,2,3,6,6
435,5,2,4,1,1,1,1,1,2,4,2,5
436,3,1,3,1,1,4,2,3,4,4,6,6
437,5,4,4,1,1,1,1,1,2,1,5,6
438,2,2,4,1,1,2,2,1,2,3,6,6
439,1,8,3,1,1,1,4,2,6,1,2,5
440,5,5,4,1,1,1,1,1,6,3,6,8
441,5,2,4,1,1,1,1,1,6,1,5,6
442,4,1,4,1,1,1,4,1,6,1,5,7
443,2,2,2,1,1,1,1,3,2,1,1,7
444,6,8,1,1,1,1,1,2,5,3,4,7
445,7,1,1,1,1,1,4,1,2,4,6,6
446,5,2,4,1,1,2,2,1,6,1,3,5
447,7,4,3,1,1,1,1,3,2,1,5,5
448,7,4,3,1,1,1,1,3,2,4,6,6
449,5,2,4,1,1,3,4,1,6,1,5,6
450,5,2,4,1,1,3,4,1,6,1,5,6
451,3,2,2,1,2,1,1,3,6,5,2,6
452,1,8,1,1,1,3,4,3,1,1,6,6
453,2,5,4,1,1,1,1,1,4,3,5,7
454,1,5,2,1,1,3,2,2,5,1,5,5
455,5,8,4,2,1,1,1,1,2,1,7,8
456,7,8,2,1,1,1,1,1,1,4,3,5
457,7,8,3,1,1,2,2,1,4,4,2,5
458,2,5,4,1,1,1,1,1,4,3,5,7
459,5,8,4,1,1,1,4,1,4,4,2,3
460,7,2,2,1,1,3,1,3,1,1,5,6
461,3,8,3,1,1,1,1,1,4,1,2,5
462,5,5,4,1,1,1,1,3,2,1,1,5
463,3,1,4,1,1,2,3,3,6,4,2,5
464,5,5,4,1,1,1,1,1,6,1,2,6
465,2,5,2,1,1,1,1,1,5,3,6,5
466,2,4,2,1,1,3,4,1,2,1,1,6
467,7,4,2,1,1,1,1,2,4,3,7,6
468,5,2,4,1,1,1,1,1,2,1,2,6
469,7,3,1,1,1,4,4,2,2,4,6,5
470,4,5,4,1,1,3,4,1,6,1,3,5
471,2,4,2,1,1,2,2,3,2,1,5,6
472,5,2,4,1,1,2,2,1,2,3,3,6
473,2,2,4,1,1,1,1,3,4,3,3,5
474,2,5,2,1,1,1,1,1,2,3,2,6
475,2,1,3,1,1,1,1,1,2,1,6,5
476,7,5,2,1,1,1,1,3,4,1,6,5
477,2,5,2,1,1,1,1,3,2,5,5,6
478,2,1,3,1,1,1,1,1,2,1,6,5
479,7,1,1,1,1,1,4,1,2,1,6,6
480,2,5,2,3,1,1,1,1,2,1,2,5
481,7,5,4,1,1,1,1,3,2,3,1,8
482,2,2,4,1,3,1,1,1,6,5,2,5
483,2,2,4,1,3,1,1,1,6,5,2,5
484,2,2,4,2,1,1,1,3,6,1,7,6
485,2,1,2,1,1,1,1,3,2,4,6,5
486,2,1,2,1,1,1,1,3,2,4,6,5
487,2,1,2,1,1,1,1,1,2,4,6,6
488,5,5,4,1,1,4,2,1,4,3,5,7
489,7,2,2,1,1,1,1,1,4,3,6,6
490,7,3,3,1,1,2,2,1,4,1,3,6
491,7,2,2,1,1,3,1,2,4,3,7,7
492,7,2,2,1,1,3,1,2,4,3,7,7
493,7,1,3,1,1,2,5,1,5,3,1,6
494,1,2,3,2,1,2,5,2,1,4,1,6
495,2,2,2,1,1,1,1,3,2,1,5,8
496,3,4,3,1,1,3,4,1,1,1,2,6
497,1,2,3,1,1,4,3,3,4,3,5,5
498,2,2,2,1,1,1,1,3,2,1,5,8
499,7,1,3,1,1,2,5,1,5,3,1,6
500,3,4,3,1,1,3,4,1,1,1,2,6
501,2,2,4,2,1,4,2,1,2,3,1,7
502,2,2,4,2,1,4,2,1,2,3,1,7
503,2,5,2,1,1,1,1,3,2,5,5,7
504,2,5,2,1,1,1,1,3,2,5,5,7
505,2,4,4,1,1,1,1,3,2,3,4,7
506,2,5,2,1,1,1,1,3,4,5,5,7
507,5,1,4,1,1,1,1,1,2,1,2,6
508,2,8,3,1,1,2,2,1,2,1,6,6
509,4,5,4,1,1,2,4,1,6,1,5,7
510,5,2,2,2,1,3,4,3,6,1,2,5
511,2,8,3,1,1,2,2,1,2,1,6,6
512,2,2,2,1,1,3,4,3,6,3,6,6
513,2,4,4,1,1,1,1,3,6,1,1,7
514,2,4,4,1,1,1,1,3,6,1,1,7
515,7,1,2,2,1,2,3,1,4,5,2,5
516,5,8,2,2,1,1,1,1,4,3,1,6
517,2,8,2,1,3,1,1,1,2,1,2,3
518,2,5,2,1,1,1,4,3,2,1,1,6
519,1,2,2,1,1,4,5,3,1,3,5,5
520,2,5,2,1,1,3,4,1,1,3,6,6
521,3,2,2,1,1,3,4,3,5,1,2,5
522,3,2,2,1,1,4,3,3,1,5,6,5
523,7,2,2,1,1,4,3,3,2,4,2,5
524,7,2,2,1,1,2,3,3,2,1,2,5
525,2,1,3,1,1,2,2,1,4,1,6,5
526,1,2,2,1,1,4,5,3,1,3,5,5
527,1,2,2,1,1,2,5,3,1,3,5,6
528,3,2,2,1,1,2,2,1,4,3,2,6
529,2,8,3,1,1,1,4,3,6,4,2,5
530,7,5,3,1,1,1,1,1,1,3,3,6
531,5,2,2,1,1,3,4,1,2,1,3,5
532,5,2,2,1,1,3,4,1,2,1,3,5
533,2,5,3,1,1,3,4,2,2,1,4,6
534,2,4,3,1,1,3,4,1,4,4,6,6
535,7,5,3,1,1,1,1,1,1,3,3,6
536,2,8,3,1,1,1,4,3,6,4,2,5
537,3,3,3,1,1,1,1,3,1,3,3,6
538,4,2,2,2,1,1,4,1,2,1,1,7
539,5,4,4,2,1,1,1,1,2,1,5,5
540,7,8,3,1,1,3,4,1,4,1,2,5
541,7,4,2,2,1,1,1,1,2,1,5,6
542,7,1,3,1,1,1,1,3,2,4,6,5
543,5,1,3,1,1,3,2,1,6,1,5,6
544,4,5,4,1,1,1,1,1,6,3,2,6
545,7,4,2,1,1,4,5,1,6,4,2,5
546,3,8,3,1,1,1,1,1,1,3,2,6
547,2,5,2,1,1,1,1,1,4,3,3,6
548,5,2,2,1,1,2,2,1,2,3,3,6
549,7,4,2,1,3,1,1,3,4,1,2,6
550,1,4,1,1,1,1,1,3,4,4,2,6
551,7,2,3,1,1,3,4,3,2,1,6,6
552,7,4,3,1,1,3,4,3,2,3,6,6
553,6,7,3,1,1,2,5,2,3,1,1,5
554,4,1,2,2,1,1,1,1,6,3,5,5
555,4,1,2,2,1,1,1,1,6,3,5,5
556,2,4,2,2,1,1,1,1,6,4,1,6
557,4,1,2,2,1,1,1,1,6,3,5,5
558,2,4,2,2,1,1,1,1,6,4,1,6
559,4,4,2,2,1,1,4,1,4,1,4,6
560,4,8,2,1,1,1,1,1,2,4,5,5
561,7,2,2,1,1,2,3,3,2,4,2,5
562,7,4,2,1,1,4,5,1,6,1,2,5
563,3,5,2,1,1,2,2,3,4,1,6,6
564,4,4,2,2,1,1,4,1,4,1,4,6
565,4,8,2,1,1,1,1,1,2,4,5,5
566,7,1,3,1,3,1,1,1,4,1,2,6
567,7,1,3,1,3,1,1,1,4,1,2,6
568,2,4,2,1,3,1,1,1,4,3,3,6
569,6,2,3,1,1,3,4,2,5,4,1,6
570,5,2,2,1,1,1,4,1,4,3,5,6
571,6,2,3,1,1,3,4,2,5,4,1,6
572,2,5,2,1,1,1,1,3,2,1,3,5
573,2,8,2,1,1,3,4,1,4,4,2,4
574,2,2,2,1,1,3,2,1,2,1,6,6
575,5,5,2,1,1,2,4,1,2,3,6,6
576,2,4,3,1,1,1,1,3,4,4,6,4
577,7,2,2,1,1,3,5,1,4,1,2,5
578,7,4,2,1,1,3,5,1,4,1,6,5
579,2,5,2,1,1,3,4,3,2,4,6,6
580,5,4,2,1,1,1,1,1,2,4,2,5
581,5,4,2,1,1,1,1,1,2,4,2,5
582,5,4,2,1,1,1,1,1,2,4,2,5
583,5,5,2,1,1,1,1,3,6,1,6,7
584,5,5,2,1,1,4,5,1,4,3,3,7
585,3,4,3,1,1,1,4,3,5,1,2,6
586,5,5,2,1,1,3,4,1,2,5,3,7
587,1,1,3,1,1,3,5,3,4,4,2,5
588,6,2,3,1,1,3,4,2,3,3,7,8
589,2,5,2,1,1,1,1,3,6,3,3,7
590,7,4,2,1,1,3,2,1,1,4,6,5
591,1,2,2,1,1,2,3,2,2,4,1,6
592,7,4,2,1,1,3,2,1,1,4,6,5
593,2,4,4,1,1,1,4,1,4,4,2,5
594,3,1,3,1,1,3,4,3,1,4,2,5
595,7,8,2,2,1,2,5,1,4,4,2,5
596,5,2,2,1,1,1,1,1,6,1,2,6
597,5,8,4,1,1,1,1,3,6,1,6,6
598,7,8,3,1,1,1,4,3,2,4,6,6
599,4,8,2,1,1,1,1,1,6,1,2,6
600,3,7,3,1,1,1,1,3,4,4,6,4
601,4,4,2,1,1,3,4,1,6,4,2,6
602,3,3,1,1,1,1,1,3,4,4,2,5
603,4,4,2,1,1,3,4,1,6,4,2,6
604,3,8,1,1,1,3,2,1,2,1,2,6
605,3,8,1,1,1,1,1,1,4,4,2,6
606,7,2,2,2,1,1,1,3,4,3,4,7
607,7,4,2,1,1,2,2,1,4,4,3,6
608,2,1,2,2,1,1,2,1,4,1,3,6
609,6,2,3,1,1,3,4,2,5,4,4,6
610,7,5,4,1,1,2,2,1,1,4,2,5
611,4,2,4,1,1,1,1,1,6,4,2,5
612,3,1,1,1,1,3,1,3,4,1,6,6
613,3,2,2,1,1,1,1,3,4,3,6,5
614,7,3,3,1,3,1,5,3,6,5,6,6
615,2,8,2,1,1,2,2,1,5,4,6,5
616,2,8,2,1,1,2,2,1,5,4,6,5
617,5,5,2,1,1,3,1,1,6,3,6,6
618,5,4,2,1,1,1,1,1,2,1,6,5
619,5,2,2,1,1,1,1,1,6,3,2,5
620,3,4,3,1,1,3,5,3,4,1,2,5
621,3,8,3,1,1,3,5,3,4,1,2,5
622,2,8,3,1,1,1,4,3,2,4,2,5
623,3,4,3,1,1,3,4,3,5,5,1,6
624,1,1,1,2,1,3,2,1,1,1,6,5
625,1,1,1,2,1,3,2,1,1,1,6,5
626,7,8,3,1,1,1,1,1,1,4,2,5
627,7,8,3,1,1,1,1,1,1,4,2,5
628,7,4,3,1,1,1,4,3,4,1,2,6
629,3,1,3,1,1,3,5,3,2,1,2,5
630,7,4,3,1,1,1,4,3,4,1,2,6
631,2,5,4,1,1,1,1,1,4,1,2,5
632,3,2,1,1,1,3,4,3,4,4,3,6
633,2,7,3,1,1,1,5,1,1,1,5,4
634,3,2,3,1,1,4,5,3,4,4,2,5
635,7,3,1,1,1,2,4,2,4,4,6,5
636,2,3,3,1,1,2,3,3,4,4,2,5
637,7,3,3,1,1,2,3,3,4,4,2,5
638,3,7,1,1,3,1,1,3,1,1,6,7
639,7,5,3,1,1,2,2,3,2,5,3,6
640,2,4,2,1,1,3,4,1,1,1,2,5
641,7,8,2,1,1,3,2,1,1,1,2,5
642,2,4,2,1,1,3,4,1,1,1,2,5
643,7,8,2,1,1,3,2,1,1,1,2,5
644,2,4,2,1,1,3,4,1,1,1,2,5
645,3,1,1,2,1,1,1,1,1,1,6,7
646,1,1,1,1,1,1,1,3,1,1,6,5
647,3,3,1,1,1,1,1,3,4,4,5,4
648,7,4,3,1,1,1,1,3,4,1,5,7
649,1,2,3,2,1,2,3,2,2,4,5,6
650,2,2,2,1,1,1,4,1,6,4,2,5
651,2,3,3,1,1,4,3,1,1,1,5,5
652,4,2,4,2,1,2,2,3,6,3,7,5
653,7,5,4,1,1,1,4,3,2,4,1,6
654,7,4,2,1,1,1,1,3,6,4,2,5
655,2,8,3,1,1,3,2,1,2,1,2,5
656,2,2,2,1,1,1,4,1,6,4,2,5
657,5,4,4,1,1,2,4,3,6,1,3,7
658,1,4,1,1,1,1,1,3,4,3,2,6
659,1,3,1,2,1,1,1,3,1,4,5,4
660,1,4,1,1,1,1,1,3,4,3,2,6
661,3,2,3,1,1,3,4,3,4,1,2,5
662,1,8,1,1,1,1,1,3,1,1,2,6
663,2,5,2,1,1,1,1,3,6,3,6,6
664,5,2,2,1,1,3,2,1,6,1,6,5
665,7,8,1,1,1,2,4,1,2,4,6,5
666,3,4,2,1,3,1,1,3,2,1,2,6
667,5,2,2,1,1,1,1,1,6,1,2,6
668,2,1,2,1,1,3,4,3,2,4,5,5
669,5,2,2,1,1,1,1,1,6,1,2,6
670,1,2,3,1,1,2,4,3,4,4,6,5
671,3,1,3,1,1,1,1,3,2,4,2,5
672,2,6,3,1,1,2,3,3,2,4,2,5
673,3,1,3,1,1,1,1,3,2,4,2,5
674,2,2,2,1,1,1,1,1,6,1,2,6
675,7,2,2,1,1,3,4,1,4,1,6,5
676,2,2,2,1,1,1,1,1,6,1,2,6
677,7,3,1,1,1,3,4,3,1,4,6,5
678,3,3,1,1,1,4,5,1,5,4,6,5
679,2,5,2,1,1,3,4,3,2,4,2,5
680,4,2,4,1,1,3,4,1,6,4,2,5
681,3,4,3,1,1,3,1,3,2,4,6,6
682,7,4,3,1,1,2,2,3,4,4,6,5
683,3,3,3,1,1,1,1,3,1,4,5,5
684,2,7,3,1,1,4,3,3,4,4,2,5
685,3,3,3,1,1,1,1,3,1,4,5,5
686,1,1,3,1,1,3,4,3,1,1,2,5
687,7,1,3,1,1,3,4,1,4,4,6,5
688,3,1,1,1,1,1,1,3,1,4,2,5
689,3,2,2,1,3,1,1,3,4,5,2,5
690,1,6,1,2,1,1,1,3,3,4,3,3
691,7,7,3,1,1,3,5,1,5,4,6,5
692,7,4,2,1,2,3,2,3,6,5,2,5
693,7,4,3,1,1,3,3,1,4,1,2,5
694,7,4,3,1,1,2,3,1,4,1,2,5
695,6,4,1,1,1,3,4,2,3,1,4,6
696,1,1,1,1,1,1,1,3,5,1,2,6
697,1,1,1,1,1,1,1,3,5,1,2,6
698,7,8,3,1,1,3,2,1,4,4,6,5
699,5,2,4,1,1,1,1,1,2,1,5,6
700,2,7,2,1,1,2,5,1,6,4,6,6
701,1,1,1,1,1,1,1,3,5,1,2,6
702,1,1,1,1,1,1,1,3,5,1,2,6
703,3,2,2,1,1,2,5,3,4,1,2,4
704,7,3,1,1,1,1,1,3,4,4,6,4
705,3,7,1,2,1,1,2,1,1,4,6,5
706,1,3,1,1,1,1,1,2,1,4,6,5
707,1,4,3,1,1,3,4,3,1,4,3,5
708,3,4,1,1,1,1,4,3,4,1,1,6
709,2,5,2,1,1,3,4,1,4,1,6,6
710,2,7,2,1,1,3,5,1,6,4,6,5
711,7,8,3,1,1,3,5,1,1,1,2,5
712,7,1,1,1,1,3,4,1,1,4,2,5
713,3,2,2,1,1,1,4,3,4,4,2,5
714,2,1,3,1,1,3,2,3,4,4,6,5
715,1,4,3,1,1,3,4,3,4,4,2,6
716,3,2,2,1,1,1,4,3,4,4,2,5
717,3,4,1,1,1,3,4,3,2,4,6,5
718,3,8,1,1,1,1,1,3,2,4,2,5
719,1,1,1,2,1,3,4,3,1,4,2,5
720,3,8,1,1,1,1,1,3,2,4,2,5
721,7,4,3,1,1,4,5,1,6,4,2,5
722,3,2,1,1,1,3,4,3,2,4,6,5
723,1,5,3,1,1,4,3,3,6,2,2,5
724,3,7,1,1,1,1,1,3,5,1,5,4
725,7,1,3,1,1,1,1,3,4,4,3,5
726,3,1,1,1,1,3,4,1,1,1,5,6
727,6,8,1,1,1,1,1,3,1,1,2,5
728,6,8,1,1,1,1,1,3,1,1,2,5
729,6,3,1,1,1,2,2,2,5,4,4,6
730,7,8,4,1,2,3,4,1,2,1,2,5
731,7,3,1,1,1,1,1,1,1,4,1,5
732,1,3,1,1,1,1,1,3,1,4,2,5
733,1,4,3,1,1,3,2,3,5,1,2,5
734,3,8,3,1,1,1,4,1,5,1,2,5
735,3,7,1,1,1,1,1,3,4,4,2,5
736,3,7,1,1,1,1,1,3,4,4,2,5
737,3,8,1,1,1,3,2,1,5,1,2,6
738,7,4,3,1,1,2,5,1,6,4,2,5
739,7,1,1,1,1,3,4,1,1,1,2,5
740,3,3,3,2,1,3,1,3,1,1,1,6
741,7,4,3,1,1,2,3,3,2,4,2,5
742,1,8,1,1,1,1,1,3,1,1,2,5
743,5,2,4,1,1,2,5,1,2,4,6,5
744,5,2,4,1,1,3,5,1,2,4,2,5
745,1,4,3,1,1,3,1,3,5,1,2,6
746,3,2,2,1,1,3,2,3,4,4,2,6
747,7,5,2,1,1,3,2,3,4,4,2,5
748,1,4,3,1,1,3,4,3,5,1,2,6
749,1,4,3,1,1,3,1,3,5,1,2,6
750,3,1,1,1,1,3,4,3,4,4,2,5
751,3,1,1,1,1,3,4,3,4,4,2,5
752,3,4,1,1,1,2,2,3,1,1,2,5
753,3,1,1,1,1,3,4,3,4,4,2,5
754,3,4,4,1,2,3,4,3,6,5,2,6
755,3,7,1,1,1,2,4,2,5,4,3,6
756,6,7,1,1,1,3,4,2,5,4,5,6
757,3,3,1,1,1,1,4,3,4,4,6,5
758,3,3,1,1,1,1,4,3,4,4,6,5
759,7,2,3,1,1,2,5,1,2,4,2,5
760,7,8,3,1,1,1,5,3,2,4,6,5
761,7,1,3,1,1,1,4,3,4,4,2,5
762,7,1,1,1,1,1,1,3,4,4,6,6
763,7,1,3,1,1,1,4,3,4,4,2,5
764,7,1,1,1,1,1,4,1,4,4,2,6
765,7,1,1,1,1,3,4,1,4,4,2,6
766,7,8,3,1,1,3,2,3,2,4,2,5
767,3,8,3,1,1,3,5,1,1,1,2,5
768,1,8,1,1,1,2,5,3,5,4,6,6
769,3,1,1,1,1,1,4,3,1,4,2,5
770,1,8,1,1,1,2,5,3,5,4,6,6
771,7,1,3,1,1,2,3,3,4,4,2,5
772,7,8,3,1,1,2,3,3,4,4,2,5
773,3,2,3,1,3,1,4,3,4,3,2,6
774,3,2,3,1,3,1,4,3,4,3,2,6
775,1,7,1,1,1,1,1,3,1,4,6,5
776,1,3,3,1,3,1,4,3,1,1,3,6
777,1,8,3,1,3,1,1,3,1,4,3,6
778,3,2,3,1,1,1,4,3,1,1,3,5
779,1,4,1,1,1,3,5,3,5,1,6,5
780,1,8,1,1,3,3,4,3,4,1,2,6
781,1,4,1,1,1,1,4,3,3,1,6,5
782,7,3,1,1,1,2,5,1,1,4,6,5
783,1,4,1,1,1,1,4,3,3,1,6,5
784,1,8,1,1,1,3,5,3,5,4,6,5
785,2,2,2,1,1,1,2,1,2,4,2,5
786,2,2,2,1,1,1,2,1,2,4,2,5
787,2,8,3,1,1,3,2,1,2,4,6,6
788,2,8,3,1,1,3,2,1,2,4,6,6
789,7,8,3,1,1,3,3,3,6,4,2,5
790,1,2,2,1,1,3,5,3,4,1,6,6
791,7,1,3,1,1,2,3,1,2,4,2,5
792,1,8,1,1,1,3,5,3,5,1,6,6
793,3,8,1,1,1,1,1,3,1,4,5,5
794,2,5,4,1,1,1,1,2,2,4,4,6
795,2,3,3,1,1,1,2,3,6,5,6,5
796,7,4,3,1,1,2,2,3,6,3,2,5
797,7,2,2,1,1,3,4,2,4,3,5,7
798,7,4,3,1,1,1,1,1,4,4,3,6
799,7,4,3,1,1,1,1,1,4,4,3,6
800,1,8,1,2,1,2,5,3,4,4,2,5
801,7,8,1,1,1,1,1,3,2,4,6,5
802,6,8,1,1,1,3,5,2,5,3,4,7
803,3,8,1,1,1,3,4,3,4,1,2,6
804,3,4,3,1,1,1,1,3,4,4,6,6
805,3,5,2,1,1,1,1,2,4,1,4,7
806,3,5,2,1,1,1,1,2,4,1,4,7
807,3,5,2,1,1,1,1,2,4,1,4,7
808,1,4,1,1,3,1,1,3,4,3,2,5
809,3,4,3,1,1,1,1,3,2,4,3,6
810,1,4,1,1,1,1,1,2,4,4,3,5
811,4,4,4,1,1,1,1,1,6,1,5,6
812,2,4,3,1,1,3,4,1,4,1,5,5
813,1,2,3,1,1,1,1,2,1,4,5,4
814,5,2,4,1,1,3,4,1,2,3,5,6
815,2,4,3,1,1,3,4,1,4,1,5,5
816,2,4,3,1,1,1,4,1,2,4,3,6
817,2,5,2,1,1,3,1,2,4,1,1,6
818,1,1,1,1,1,3,4,3,4,4,2,5
819,7,1,1,1,1,1,2,1,4,4,2,5
820,1,1,1,1,1,1,1,3,4,1,6,5
821,6,2,1,1,1,3,4,2,3,3,7,7
822,1,4,1,1,1,3,4,3,5,1,6,5
823,1,4,1,1,1,3,4,3,5,1,6,5
824,1,4,3,1,1,1,1,3,4,4,3,5
825,1,4,1,1,1,3,4,3,1,4,3,5
826,3,5,3,1,1,1,1,2,1,1,5,7
827,1,4,1,1,1,3,4,3,1,4,3,5
828,3,8,1,1,1,2,4,2,1,3,4,8
829,6,8,1,1,1,3,1,2,5,3,5,6
830,3,1,1,1,1,1,1,3,1,4,5,4
831,6,8,1,1,1,3,1,2,5,3,5,6
832,2,2,2,1,3,2,4,1,1,3,6,3
833,5,4,2,1,3,4,4,1,1,3,6,4
834,7,1,3,1,1,3,1,3,4,4,2,5
835,3,1,1,1,1,2,2,3,1,4,2,5
836,1,5,3,1,1,4,5,2,4,4,1,7
837,1,5,3,1,1,4,5,2,4,4,1,7
838,2,5,3,1,1,1,1,3,4,3,5,7
839,6,4,1,1,1,3,1,3,1,4,6,5
840,5,2,2,1,1,1,4,3,4,3,1,7
841,1,1,1,1,1,3,4,3,1,1,3,5
842,2,4,2,1,1,2,2,3,2,1,5,6
843,1,1,3,1,1,1,5,3,4,1,2,5
844,2,5,2,1,1,2,4,3,2,3,3,6
845,6,1,3,1,1,3,4,3,5,1,6,5
846,6,1,3,1,1,3,4,3,5,1,6,5
847,1,1,3,1,1,3,4,3,5,1,6,6
848,6,1,3,1,1,3,4,3,5,1,6,5
849,6,8,3,1,1,3,4,3,5,1,6,5
850,7,2,2,1,1,1,1,3,4,4,2,5
851,7,2,2,1,1,1,1,3,4,4,2,5
852,3,2,3,1,1,2,3,3,2,5,6,5
853,7,2,2,1,1,4,2,3,5,1,5,6
854,7,2,2,1,1,4,2,3,5,1,5,6
855,3,1,1,1,1,1,1,2,5,1,1,7
856,7,2,2,1,1,4,2,3,5,1,5,6
857,3,5,3,1,1,3,4,3,1,3,5,7
858,5,5,2,1,1,3,4,3,2,1,3,7
859,1,8,3,1,1,3,1,2,1,3,5,6
860,1,8,1,1,1,3,5,3,5,4,2,5
861,6,7,4,1,1,3,5,2,3,1,1,6
862,3,2,3,1,1,1,1,3,4,4,3,5
863,1,8,1,1,1,3,5,3,5,4,6,5
864,1,8,1,1,1,3,5,3,5,4,2,5
865,1,8,1,1,1,3,5,3,5,4,6,5
866,1,4,3,1,1,3,1,2,1,3,5,6
867,1,4,3,1,1,3,1,2,1,3,5,6
868,1,8,3,1,1,3,1,2,1,3,5,6
869,3,8,1,1,1,2,4,3,1,1,5,6
870,3,1,1,1,1,2,4,2,1,4,1,6
871,1,8,1,1,1,4,4,2,5,4,3,5
872,1,2,3,1,1,2,4,3,1,4,6,4
873,7,5,2,1,1,1,1,2,2,4,5,7
874,2,2,2,1,1,1,1,3,2,1,1,7
875,7,5,2,1,1,1,1,3,4,3,1,7
876,1,4,1,1,1,1,1,2,1,4,5,4
877,3,1,1,1,1,2,4,2,1,4,1,6
878,7,8,3,2,1,2,2,3,2,4,6,6
879,1,8,1,1,1,3,5,3,5,4,2,5
880,7,8,3,1,1,1,1,3,2,4,6,5
881,3,1,1,1,1,2,4,2,5,1,5,6
882,3,5,3,1,3,3,1,2,2,3,1,6
883,1,8,1,1,1,3,5,3,5,4,2,5
884,7,8,3,2,1,2,2,3,2,4,6,6
885,7,3,1,1,1,1,4,1,4,1,3,5
886,7,3,1,1,1,1,1,1,4,1,3,6
887,2,4,2,1,1,2,2,3,2,3,1,7
888,1,8,1,1,1,2,2,2,1,4,5,6
889,2,3,3,2,1,2,5,1,2,1,2,5
890,1,2,3,1,1,2,2,3,1,4,6,5
891,1,1,1,1,1,3,5,3,5,4,6,5
892,2,4,3,1,1,1,1,3,2,1,2,6
893,1,1,1,1,1,3,5,3,5,4,6,5
894,1,8,1,1,1,3,5,3,5,4,6,6
895,1,8,1,1,1,2,4,2,1,4,3,6
896,3,5,2,1,1,3,4,2,4,3,4,7
897,1,8,1,1,1,2,4,2,1,4,3,6
898,3,5,2,1,1,3,4,2,4,3,4,7
899,3,7,1,1,1,1,1,1,5,4,5,3
900,7,5,2,1,1,1,4,2,1,1,1,5
901,1,8,1,1,1,3,4,3,5,1,5,7
902,1,8,1,1,1,3,4,3,5,1,5,7
903,1,8,1,2,1,1,1,3,1,4,5,7
904,1,8,1,2,1,1,1,3,1,4,5,7
905,7,8,3,1,1,3,3,3,2,4,2,5
906,1,4,3,1,1,3,2,3,1,1,5,5
907,6,8,1,1,1,1,1,2,5,4,1,6
908,1,4,1,1,1,2,2,2,1,4,5,6
909,1,5,2,1,1,1,1,2,4,4,1,6
910,7,2,2,1,1,1,1,3,2,4,7,6
911,7,5,2,2,1,1,1,1,2,1,5,6
912,2,4,2,1,1,1,1,3,4,1,4,6
913,7,2,2,2,1,1,1,3,4,1,4,7
914,1,5,2,1,1,1,1,2,4,4,1,6
915,7,5,2,1,1,1,1,2,4,1,1,6
916,6,1,3,1,3,1,2,2,5,1,5,5
917,1,2,3,2,1,2,4,1,1,1,6,6
918,3,2,3,1,1,2,5,3,4,1,5,6
919,3,8,1,1,1,4,4,2,1,3,1,6
920,2,2,2,1,1,1,1,3,4,4,3,5
921,3,2,3,1,1,2,5,3,4,1,5,6
922,3,8,1,1,1,4,4,2,1,3,1,6
923,1,2,3,2,1,2,4,1,1,1,6,6
924,7,4,3,1,1,3,1,2,2,3,5,5
925,7,5,2,1,1,4,2,3,5,3,5,7
926,7,5,3,1,1,4,2,3,5,3,6,6
927,3,1,3,1,1,1,2,3,2,4,2,4
928,7,4,3,1,1,3,1,2,2,3,5,5
929,7,5,2,1,1,1,1,2,4,1,1,7
930,1,8,1,1,1,1,1,3,3,1,3,5
931,1,8,1,1,1,3,4,3,5,1,6,5
932,3,2,3,1,1,2,2,3,1,4,2,6
933,1,8,1,1,1,3,4,3,5,1,6,5
934,1,8,1,1,1,1,1,3,3,1,3,5
935,7,5,2,1,1,3,2,2,1,1,1,6
936,7,5,2,1,1,3,2,2,1,1,1,6
937,5,8,2,1,1,1,1,3,6,1,3,4
938,1,2,2,1,1,2,4,2,4,1,4,7
939,6,4,3,1,1,1,1,2,5,4,5,5
940,2,5,2,1,1,3,1,2,1,3,4,7
941,2,5,2,2,1,1,1,2,2,4,4,7
942,2,2,2,1,1,3,2,1,2,1,6,7
943,2,4,3,1,1,1,4,1,4,1,6,7
944,3,5,2,1,1,1,1,2,4,1,1,7
945,2,2,2,1,1,1,1,2,2,3,5,7
946,2,2,4,2,1,1,1,3,4,5,1,7
947,3,5,2,1,1,1,1,2,4,1,4,7
948,7,5,2,1,1,1,1,2,1,3,1,7
949,7,5,2,1,1,1,1,2,1,3,1,7
950,7,5,2,1,1,1,1,2,1,3,1,7
951,3,5,2,1,1,1,1,2,4,1,4,7
952,3,5,2,1,1,1,1,2,4,1,5,7
953,2,2,2,1,1,1,1,2,2,1,1,7
954,3,2,2,1,1,1,1,2,1,4,4,6
955,7,5,2,1,1,1,1,3,1,1,3,5
956,7,2,2,1,1,1,1,3,4,1,5,6
957,7,2,2,1,1,3,4,3,4,4,5,6
958,6,8,1,1,1,2,4,2,5,1,5,7
959,3,8,1,1,1,3,4,3,1,1,6,5
960,7,4,3,1,1,3,4,2,2,3,5,6
961,1,8,1,1,1,1,1,3,4,1,2,5
962,1,8,1,1,1,1,1,3,1,1,2,5
963,7,5,2,1,1,3,1,2,2,1,5,6
964,7,4,3,1,1,3,4,2,2,3,5,6
965,3,2,2,1,1,2,4,2,4,3,5,6
966,7,2,2,1,1,1,1,3,2,4,1,7
967,7,1,3,1,1,2,3,3,2,4,2,5
968,7,2,2,1,1,2,4,2,2,1,4,6
969,1,8,1,1,1,1,1,3,1,1,6,5
970,2,5,2,1,1,1,1,3,4,3,5,6
971,2,5,2,1,1,1,1,3,4,3,5,6
972,2,2,2,1,1,1,1,3,2,1,1,7
973,7,2,2,1,1,1,1,3,5,1,3,5
974,7,5,2,2,1,1,1,3,4,1,1,7
975,1,2,3,1,1,4,2,3,1,4,2,5
976,1,2,3,1,1,4,2,3,1,4,2,5
977,3,8,3,1,1,2,3,3,2,4,2,5
978,1,2,3,1,1,1,1,2,4,4,5,7
979,5,4,2,1,1,1,1,3,2,1,3,5
980,7,4,3,1,1,1,1,3,4,1,3,6
981,7,3,3,1,1,3,1,3,4,1,6,5
982,1,4,3,1,1,4,2,2,4,3,4,6
983,7,4,3,1,1,1,1,3,4,1,3,6
984,5,4,2,1,1,1,1,3,2,1,3,5
985,1,8,1,1,1,1,1,2,1,4,5,6
986,2,2,2,1,1,1,1,2,2,4,5,7
987,1,2,3,1,1,4,2,3,1,4,2,5
988,3,2,1,1,1,3,1,3,2,4,2,5
989,2,5,2,1,1,3,1,2,2,4,5,6
990,3,2,1,1,1,3,1,3,2,4,2,5
991,1,2,3,1,1,2,2,3,1,4,2,5
992,1,2,1,1,1,2,4,2,1,4,2,6
993,1,2,3,1,1,2,2,3,1,4,2,5
994,2,2,2,1,1,3,5,1,2,4,2,5
995,3,8,1,1,1,3,4,3,1,1,6,6
996,6,1,1,1,1,1,1,2,3,1,4,7
997,6,1,1,1,1,1,1,2,3,1,4,7
998,7,3,3,1,1,1,1,2,2,4,2,6
999,6,1,1,1,1,1,1,2,5,4,4,6
1000,3,2,3,1,1,1,1,2,1,1,1,7
1001,2,2,2,1,1,2,4,3,4,3,3,7
1002,7,5,3,1,1,3,1,2,4,3,1,7
1003,1,2,3,1,1,1,1,2,1,4,4,7
1004,3,2,3,1,1,2,4,3,4,4,3,5
1005,1,2,3,1,1,1,1,2,1,4,4,7
1006,7,5,3,1,1,3,1,2,4,3,1,7
1007,7,5,3,1,1,3,1,2,4,3,1,7
1008,7,2,2,1,1,3,1,2,2,1,1,7
1009,2,4,2,1,1,2,2,3,2,1,5,5
1010,7,5,2,1,1,1,1,2,4,4,4,7
1011,7,5,3,1,1,3,1,3,2,4,3,6
1012,3,7,1,1,1,1,4,3,2,4,6,5
1013,3,1,1,1,1,2,4,3,1,4,6,6
1014,3,8,3,1,1,1,1,2,2,4,5,6
1015,2,2,2,1,1,3,1,3,6,3,5,6
1016,7,2,2,1,1,3,1,2,4,3,4,7
1017,3,5,2,1,1,4,5,2,6,4,4,6
1018,3,5,2,1,1,4,5,2,6,4,4,6
1019,1,4,1,1,1,1,1,3,5,1,3,5
1020,5,2,4,1,1,1,1,3,2,4,1,6
1021,5,2,4,1,1,1,1,3,2,4,1,6
1022,1,4,1,1,1,1,1,3,1,4,3,5
1023,3,5,2,1,1,1,1,2,4,4,4,6
1024,3,8,1,1,1,3,1,3,4,4,3,7
1025,7,3,1,1,1,3,4,1,4,1,3,6
1026,3,5,3,1,1,3,4,2,1,4,4,6
1027,6,3,1,1,1,2,2,2,5,4,1,5
1028,1,2,3,1,1,4,2,3,1,4,6,6
1029,3,8,1,1,1,3,1,3,4,4,3,7
1030,1,8,1,1,1,1,1,2,1,4,1,7
1031,1,8,1,1,1,1,1,2,1,4,5,7
1032,3,3,1,2,1,1,1,1,1,4,2,5
1033,3,8,1,1,1,3,1,3,4,4,3,6
1034,7,1,3,1,1,3,4,3,2,4,6,6
1035,2,2,3,1,1,1,1,3,2,1,3,7
1036,3,5,3,1,1,2,4,2,2,4,4,7
1037,1,7,1,1,1,3,2,3,1,4,2,5
1038,7,2,2,2,1,2,4,2,4,3,4,7
1039,7,4,3,1,1,3,4,3,4,3,5,6
1040,1,7,1,1,1,3,4,3,5,1,6,5
1041,1,4,3,1,1,3,1,2,1,1,6,6
1042,7,4,3,1,1,3,4,3,4,3,5,6
1043,7,2,2,2,1,3,4,1,4,3,5,7
1044,6,2,3,1,1,3,2,2,1,1,4,6
1045,1,2,1,1,1,2,4,2,4,4,5,6
1046,3,3,1,1,1,2,4,3,4,1,3,6
1047,1,2,3,1,1,2,4,3,5,1,3,5
1048,7,4,2,1,1,1,1,3,4,3,5,6
1049,7,4,2,1,1,1,1,3,4,3,5,6
1050,1,2,3,1,1,2,4,3,5,1,3,5
1051,7,4,4,1,2,3,4,3,6,5,2,5
1052,6,8,1,1,1,3,1,2,5,4,4,5
1053,3,5,2,1,1,1,1,2,1,3,4,7
1054,3,1,3,1,1,1,2,3,2,1,2,6
1055,3,1,3,1,1,1,2,3,2,1,2,6
1056,7,4,2,2,1,1,1,3,2,4,1,7
1057,3,2,3,2,1,2,5,3,2,4,2,5
1058,2,4,4,1,1,2,2,3,2,3,1,7
1059,7,4,2,2,1,1,1,3,2,4,1,7
1060,5,5,4,1,1,1,1,1,2,1,6,6
1061,7,2,2,1,1,1,1,2,2,1,4,8
1062,3,2,2,1,1,1,1,2,4,1,5,6
1063,2,5,4,1,1,1,1,2,2,1,1,6
1064,3,1,1,1,1,1,1,2,4,4,1,6
1065,3,8,3,1,1,1,1,3,4,1,6,6
1066,1,4,1,1,1,3,1,2,1,1,4,7
1067,5,5,2,1,1,1,1,3,6,3,5,7
1068,5,5,2,1,1,1,1,3,6,3,5,7
1069,3,8,3,1,1,2,2,3,4,1,5,5
1070,7,5,2,1,1,3,4,2,2,3,5,7
1071,3,3,3,2,1,2,5,1,2,4,2,5
1072,1,2,3,1,1,2,2,3,1,4,2,6
1073,3,8,3,1,1,3,4,3,4,4,3,6
1074,3,3,3,2,1,2,5,1,2,4,2,5
1075,7,5,3,1,1,4,2,3,1,3,6,7
1076,2,5,4,1,1,1,1,2,2,1,5,6
1077,7,2,4,2,1,1,1,1,4,4,5,5
1078,7,2,4,2,1,1,1,1,4,4,5,5
1079,3,5,4,2,1,4,6,2,6,4,4,7
1080,2,5,4,1,1,1,1,2,2,4,1,6
1081,3,5,4,2,1,4,6,2,6,4,4,7
1082,1,2,3,1,1,2,2,3,1,4,2,6
1083,7,2,2,1,1,2,2,3,4,3,1,6
1084,1,2,3,1,1,2,2,3,1,4,2,6
1085,1,4,1,1,1,4,2,2,2,4,2,5
1086,7,2,2,2,1,1,1,3,1,1,1,7
1087,3,5,2,1,1,3,4,2,4,1,5,6
1088,5,2,4,1,1,2,4,3,6,3,6,7
1089,5,2,4,1,1,2,4,3,6,3,6,7
1090,2,5,4,1,1,4,2,2,6,1,1,8
1091,3,2,2,1,1,1,1,2,1,1,5,6
1092,1,4,1,1,1,1,1,2,1,4,1,6
1093,7,5,2,1,1,1,4,3,4,3,1,7
1094,1,1,1,2,1,1,1,3,1,4,5,6
1095,7,2,2,1,1,1,1,3,2,4,3,5
1096,1,1,1,2,1,1,1,3,1,4,5,6
1097,7,4,2,1,1,1,1,3,2,4,2,5
1098,3,5,2,1,3,1,1,2,2,3,4,7
1099,7,4,2,1,1,1,1,3,2,4,2,5
1100,3,2,2,1,1,2,4,2,2,3,4,6
1101,1,4,3,1,1,3,1,2,1,1,1,6
1102,6,4,1,1,1,3,4,2,1,4,5,6
1103,1,4,3,1,1,3,1,2,1,1,1,6
1104,3,4,3,1,1,3,1,2,4,1,4,6
1105,6,8,3,1,1,3,4,2,1,1,4,5
1106,3,5,2,1,1,1,1,2,2,4,4,6
1107,7,5,2,1,1,1,1,2,4,3,1,7
1108,3,3,1,1,1,1,1,1,1,4,2,5
1109,2,4,2,1,3,2,2,1,2,3,5,6
1110,3,4,1,1,1,1,1,3,4,1,6,6
1111,6,2,3,1,1,2,2,2,3,1,4,7
1112,3,5,2,1,1,1,4,2,4,1,5,6
1113,7,5,2,1,1,1,1,3,2,4,2,6
1114,6,2,2,2,1,2,5,2,5,1,7,6
1115,1,1,1,1,1,3,1,3,1,1,5,6
1116,1,1,1,1,1,3,1,3,1,1,5,6
1117,1,1,1,1,1,3,1,3,1,1,5,6
1118,1,2,1,1,1,3,1,2,4,4,7,6
1119,6,1,1,1,1,1,1,2,5,4,4,5
1120,3,4,3,1,1,1,1,2,2,1,4,8
1121,1,4,1,1,1,3,1,2,1,4,4,6
1122,6,4,1,1,1,2,4,2,1,4,4,6
1123,2,2,2,1,1,3,1,3,2,1,5,6
1124,1,8,1,1,1,1,1,2,5,1,1,4
1125,7,5,3,1,1,3,1,2,2,4,5,7
1126,6,5,3,1,1,1,1,2,1,4,7,6
1127,6,3,1,1,1,2,2,2,5,1,1,6
1128,2,2,3,1,1,2,5,1,2,1,6,5
1129,2,2,3,1,1,2,2,3,2,1,3,6
1130,7,8,1,1,1,1,1,3,2,1,3,6
1131,6,5,3,1,1,4,3,2,4,4,2,5
1132,1,2,3,1,1,3,4,2,1,3,7,7
1133,1,4,1,2,1,1,1,3,1,1,5,7
1134,7,5,3,1,1,1,1,2,4,3,1,7
1135,3,5,2,1,1,2,4,2,1,1,1,6
1136,2,4,2,1,1,1,1,3,2,3,5,6
1137,2,4,2,1,1,1,1,3,2,3,5,6
1138,3,2,1,1,1,2,5,3,2,4,2,5
1139,3,4,3,1,1,3,5,3,4,1,2,6
1140,1,2,3,1,1,2,5,3,1,1,2,6
1141,3,2,3,1,1,2,2,3,4,3,5,6
1142,1,4,1,1,1,1,1,2,4,1,5,6
1143,1,5,3,1,1,3,1,3,5,3,6,6
1144,1,5,3,1,1,4,2,3,1,1,6,5
1145,3,5,2,1,1,2,4,3,5,3,3,6
1146,3,4,1,1,3,1,1,3,4,3,6,6
1147,2,2,2,2,1,1,1,3,2,4,1,7
1148,3,2,2,1,1,1,1,2,1,1,1,6
1149,2,2,2,1,1,1,1,3,2,4,1,6
1150,3,5,3,1,1,1,1,2,4,3,4,7
1151,6,8,3,1,1,3,2,2,1,1,4,6
1152,3,8,3,1,1,1,4,3,2,4,6,5
1153,2,2,3,1,1,3,4,3,2,1,5,6
1154,1,8,1,1,1,4,2,2,5,1,5,6
1155,3,8,3,1,1,1,4,3,2,4,6,5
1156,7,5,2,1,1,4,5,2,4,3,1,7
1157,6,4,3,1,1,3,5,2,1,3,4,7
1158,1,2,2,1,1,2,2,3,1,5,3,6
1159,2,2,2,1,1,1,4,3,2,1,5,5
1160,2,2,4,1,1,1,1,3,2,1,5,7
1161,7,4,2,1,1,3,1,2,2,3,6,6
1162,7,5,2,1,1,3,1,2,2,1,1,7
1163,7,3,3,1,1,1,1,3,4,1,6,5
1164,7,3,3,1,1,1,1,3,4,1,6,5
1165,7,2,2,1,2,3,4,3,6,5,2,5
1166,2,4,3,1,1,1,2,3,6,5,6,5
1167,3,5,2,1,1,2,4,2,4,3,4,7
1168,1,2,3,1,1,1,4,2,2,4,1,6
1169,3,4,3,1,1,1,1,2,4,1,1,6
1170,7,2,3,1,1,1,1,3,2,1,3,6
1171,1,8,1,1,1,2,4,2,1,1,5,6
1172,2,2,2,1,1,1,1,3,4,3,4,6
1173,3,2,3,1,1,2,2,3,1,1,2,6
1174,3,2,3,1,1,2,2,3,1,1,2,6
1175,1,8,1,1,1,4,2,2,5,1,1,6
1176,1,3,1,2,1,2,4,3,5,4,5,4
1177,1,1,1,1,1,1,1,2,1,1,4,7
1178,6,7,1,1,1,3,2,2,3,1,5,5
1179,3,2,3,1,1,1,4,3,4,3,5,6
1180,3,2,3,1,1,1,4,3,4,3,5,6
1181,2,2,2,1,1,1,1,2,2,4,5,5
1182,2,2,2,1,1,4,2,3,1,3,3,6
1183,1,1,1,1,1,3,2,3,4,1,2,5
1184,1,1,3,1,1,1,3,2,1,1,5,5
1185,1,2,3,1,1,1,4,2,4,4,1,6
1186,1,3,1,2,1,1,1,3,5,4,4,5
1187,1,2,3,1,1,1,4,2,4,4,1,6
1188,1,1,3,1,1,1,3,2,1,1,5,5
1189,7,7,1,1,1,1,1,3,4,4,2,4
1190,7,2,4,2,1,1,1,3,4,4,4,6
1191,1,3,1,1,3,1,1,2,5,4,5,5
1192,1,5,2,1,1,1,4,2,5,3,4,7
1193,6,3,1,1,3,1,1,2,5,4,5,5
1194,1,1,1,1,1,3,2,3,2,4,2,6
1195,6,2,3,1,1,3,2,3,5,1,2,6
1196,3,8,3,1,1,2,5,3,2,4,2,6
1197,3,8,3,1,1,1,1,2,2,4,6,6
1198,3,5,3,1,1,3,2,2,2,3,5,6
1199,3,8,3,1,1,2,5,3,2,4,2,6
1200,3,8,3,1,1,1,1,2,2,4,6,6
1201,3,2,2,1,1,1,1,2,4,4,5,7
1202,7,2,2,1,1,1,1,2,1,1,1,8
1203,2,1,3,2,1,2,2,1,2,4,2,5
1204,1,2,2,1,1,2,4,2,1,3,5,7
1205,1,2,2,1,1,2,4,2,1,3,5,7
1206,1,2,2,1,1,2,4,2,1,3,5,7
1207,2,1,4,1,3,2,2,3,1,3,6,5
1208,1,2,2,1,1,2,4,2,1,3,5,7
1209,6,2,2,1,1,3,1,2,1,3,5,7
1210,1,1,1,1,1,1,1,2,1,1,3,6
1211,1,2,1,1,1,2,2,3,4,1,2,5
1212,1,1,1,1,1,1,1,2,1,1,3,6
1213,2,2,2,1,1,1,1,3,2,3,3,6
1214,2,5,2,1,1,1,1,3,6,4,3,6
1215,7,5,2,1,1,3,1,2,4,4,5,6
1216,3,8,3,1,1,1,5,3,4,1,2,6
1217,3,2,2,1,1,4,2,2,2,3,1,6
1218,3,2,3,1,1,1,1,3,4,1,3,6
1219,7,2,2,1,1,2,4,2,2,3,5,6
1220,2,5,2,1,1,3,4,3,4,3,1,6
1221,2,5,2,1,1,3,4,3,4,3,1,6
1222,3,4,3,1,1,2,5,3,4,4,2,6
1223,2,2,2,1,1,1,1,3,2,3,1,6
1224,5,2,2,1,1,1,1,1,6,3,3,6
1225,7,4,3,1,1,3,2,1,2,4,2,5
1226,3,8,1,2,1,2,4,3,6,4,2,5
1227,7,8,3,1,1,1,1,3,4,1,2,5
1228,6,2,1,1,1,3,5,2,3,1,7,7
1229,3,2,3,1,1,3,2,3,1,1,2,5
1230,3,5,3,1,1,3,2,2,1,3,1,6
1231,3,3,1,1,1,4,5,3,1,1,5,5
1232,3,2,3,1,1,3,2,3,1,1,2,5
1233,2,5,2,1,1,3,4,3,2,4,2,4
1234,1,3,1,1,1,1,1,2,1,4,4,6
1235,6,5,3,3,1,1,3,3,4,4,1,4
1236,3,8,1,1,1,1,1,3,4,1,2,6
1237,1,3,1,1,1,1,1,2,1,4,4,6
1238,3,1,1,1,1,3,1,3,1,4,2,4
1239,1,1,1,2,1,1,1,2,1,4,1,4
1240,3,8,3,1,1,4,2,2,6,4,2,5
1241,2,2,2,1,1,2,2,3,2,4,6,5
1242,7,2,2,1,1,3,4,2,2,1,4,6
1243,3,8,3,1,1,1,5,1,1,1,2,5
1244,6,5,3,3,1,4,3,3,4,4,3,6
1245,1,8,3,1,1,3,4,3,5,1,3,5
1246,1,1,1,1,1,3,4,2,2,4,6,5
1247,1,8,3,1,1,3,4,3,5,1,3,5
1248,1,2,3,1,1,2,4,2,1,3,5,6
1249,1,8,1,1,1,2,4,2,1,1,5,6
1250,1,8,1,1,1,2,4,2,1,1,5,6
1251,3,8,1,1,1,2,2,3,4,4,6,5
1252,1,1,1,1,1,1,1,3,1,4,6,5
1253,3,1,1,1,1,1,1,3,1,4,2,5
1254,3,1,1,1,1,3,4,3,1,1,5,5
1255,6,1,1,1,1,2,4,2,5,4,5,5
1256,3,8,3,1,1,4,2,2,6,4,2,5
1257,1,8,3,2,1,3,2,3,4,1,5,6
1258,1,1,1,1,1,3,4,2,1,1,5,6
1259,1,1,1,1,1,3,4,2,1,1,5,6
1260,7,8,4,1,2,3,2,3,6,5,2,5
1261,6,7,1,1,1,3,1,2,5,4,5,4
1262,2,4,2,1,1,2,2,3,2,4,6,5
1263,3,3,1,1,1,3,1,3,1,4,2,4
1264,7,2,3,1,1,2,4,2,1,1,1,6
1265,1,8,1,1,1,3,4,2,1,1,3,6
1266,1,8,1,1,1,3,4,2,1,1,3,6
1267,2,2,2,1,1,3,1,3,6,3,5,6
1268,1,2,3,1,1,3,4,3,5,4,2,6
1269,6,4,1,1,1,2,5,2,5,3,7,8
1270,6,2,1,1,1,2,2,2,3,3,7,6
1271,1,2,3,1,1,2,2,2,1,4,1,6
1272,6,4,1,1,1,2,4,2,5,4,5,5
1273,3,8,3,1,1,2,4,2,6,4,2,5
1274,3,8,1,1,1,3,4,2,4,4,5,6
1275,3,1,3,1,1,3,5,3,4,4,2,6
1276,7,2,2,2,1,1,1,2,4,4,1,4
1277,1,1,1,1,1,1,1,3,1,1,6,6
1278,3,1,3,1,1,3,5,3,4,4,2,6
1279,2,5,2,1,1,1,1,2,2,4,1,7
1280,1,4,3,1,1,2,2,2,1,1,3,6
1281,1,4,3,1,1,2,2,2,1,1,3,6
1282,3,3,1,1,1,1,1,3,4,1,5,6
1283,7,8,3,1,1,3,2,3,4,1,6,6
1284,1,2,3,1,1,3,4,2,1,4,5,5
1285,5,2,2,1,1,3,4,3,2,4,3,5
1286,1,5,2,1,1,3,4,2,1,4,4,6
1287,3,8,1,1,1,1,1,2,2,4,4,5
1288,1,8,3,2,1,3,5,1,4,5,6,5
1289,1,8,3,2,1,3,5,1,4,5,6,5
1290,3,1,1,1,1,1,1,2,1,4,5,5
1291,3,8,1,1,1,2,2,3,4,3,5,6
1292,6,2,1,1,1,3,1,2,5,1,4,6
1293,3,3,1,1,1,1,1,3,4,4,6,4
1294,3,8,1,1,1,2,2,3,4,3,5,6
1295,1,8,1,2,1,4,2,2,2,4,2,5
1296,1,8,1,2,1,4,2,2,2,4,2,5
1297,1,4,1,1,1,3,1,2,1,1,1,6
1298,6,8,1,1,1,1,1,2,1,4,4,6
1299,3,6,1,1,3,1,1,2,5,4,5,3
1300,6,1,1,1,1,3,1,2,3,1,4,6
1301,1,3,1,1,1,3,2,3,5,3,1,6
1302,7,2,3,1,1,1,1,3,4,3,5,6
1303,3,5,2,1,1,2,2,2,1,1,5,5
1304,3,3,3,1,1,3,2,2,2,4,2,5
1305,3,8,3,1,1,2,5,3,4,4,6,5
1306,2,1,3,1,1,2,5,3,4,1,6,5
1307,1,1,1,2,1,3,1,2,1,4,5,4
1308,2,1,3,1,1,2,5,3,4,1,6,5
1309,1,8,1,1,1,2,2,3,4,1,2,5
1310,3,8,3,1,1,2,5,3,4,4,6,5
1311,1,4,1,1,1,3,1,2,4,4,4,6
1312,3,6,3,1,1,3,4,2,4,4,3,5
1313,1,2,3,1,1,3,2,2,1,4,6,6
1314,1,2,3,1,1,2,2,2,1,4,6,6
1315,3,8,3,1,1,3,5,3,4,4,6,6
1316,6,1,1,1,1,3,4,2,3,4,4,6
1317,2,2,2,1,1,1,4,3,2,1,1,6
1318,3,8,3,1,1,3,5,3,4,4,6,6
1319,7,3,4,1,2,3,2,3,6,5,2,6
1320,2,1,3,1,1,3,5,3,4,1,6,5
1321,6,1,1,1,1,3,4,2,3,4,4,6
1322,7,2,2,1,1,1,1,2,2,4,5,5
1323,7,2,2,1,1,3,2,2,2,3,5,7
1324,1,4,3,1,1,3,4,2,1,1,3,6
1325,1,4,3,1,1,3,4,2,1,1,3,6
1326,1,4,3,1,1,3,4,2,1,1,3,6
1327,1,4,3,1,1,3,4,2,1,1,3,6
1328,1,4,1,1,1,3,4,2,4,4,2,5
1329,1,8,3,1,1,3,5,3,4,4,6,6
1330,1,8,3,1,1,3,5,3,4,4,6,6
1331,3,3,3,1,1,2,2,3,4,4,2,5
1332,3,2,1,1,1,1,1,3,6,4,6,6
1333,7,3,3,1,1,3,4,3,2,4,2,5
1334,1,3,1,1,3,1,1,3,1,4,6,5
1335,1,8,1,1,1,3,4,2,1,1,4,6
1336,6,4,1,1,1,3,1,2,1,4,2,5
1337,6,4,1,1,1,3,1,2,1,4,2,5
1338,6,4,1,1,1,3,1,2,1,4,2,5
1339,3,4,1,1,1,3,4,2,1,4,3,6
1340,3,4,1,1,1,3,4,2,1,4,3,6
1341,3,4,1,1,1,3,4,2,1,4,3,6
1342,3,4,1,1,1,3,4,3,1,4,3,6
1343,3,4,1,1,1,3,4,2,1,4,3,6
1344,5,2,2,1,1,1,1,1,6,4,5,5
1345,3,2,3,1,1,1,1,3,4,4,6,6
1346,6,8,1,1,1,1,1,2,5,4,5,5
1347,1,1,1,1,1,1,1,3,4,4,2,5
1348,1,1,1,1,1,1,1,3,4,4,2,5
1349,1,8,1,1,1,3,4,2,1,4,5,5
1350,7,8,3,1,1,2,2,3,4,4,6,5
1351,1,8,1,1,1,1,4,2,4,4,1,6
1352,3,1,1,1,1,3,2,3,1,4,3,5
1353,3,1,1,1,1,3,2,3,1,4,3,5
1354,1,8,1,1,1,1,1,3,1,4,6,5
1355,6,5,3,1,1,1,4,2,1,4,6,5
1356,6,2,3,1,1,1,1,2,1,4,6,5
1357,1,2,3,1,1,2,2,3,5,4,5,6
1358,1,1,3,2,3,4,5,3,4,4,2,5
1359,5,4,2,1,1,1,1,3,6,1,6,6
1360,7,4,3,1,1,1,4,3,4,4,5,5
1361,3,3,1,1,1,3,2,3,1,4,6,5
1362,5,4,2,1,1,1,1,3,6,1,6,6
1363,3,3,3,1,1,1,2,3,4,4,6,4
1364,1,8,1,1,1,1,4,2,1,4,1,6
1365,3,4,1,1,1,1,4,3,2,1,2,5
1366,1,1,1,1,1,1,4,3,4,4,6,5
1367,1,4,3,1,1,1,5,3,4,5,3,6
1368,3,3,3,1,1,3,2,3,4,4,6,6
1369,1,8,1,1,1,1,1,2,4,4,3,4
1370,7,3,2,1,2,3,2,3,6,5,2,5
1371,3,8,4,1,3,1,1,2,2,5,1,6
1372,7,3,2,1,2,3,2,3,6,5,2,5
1373,3,3,3,1,1,2,5,3,4,4,2,5
1374,1,3,1,1,3,3,1,2,4,4,6,3
1375,1,8,3,1,1,3,5,3,4,4,6,5
1376,3,3,3,1,1,1,4,2,2,4,6,5
1377,6,4,3,1,1,2,2,2,3,1,4,6
1378,1,4,1,1,1,1,1,3,4,4,6,6
1379,3,8,1,1,1,1,4,2,1,1,5,6
1380,3,8,1,1,1,1,4,2,1,1,5,6
1381,1,3,1,1,1,1,1,2,1,4,2,5
1382,3,8,3,1,1,2,5,3,4,4,6,5
1383,3,8,3,1,1,2,5,3,4,4,6,5
1384,1,3,1,1,1,3,5,3,2,4,2,5
1385,3,3,3,1,1,2,5,3,2,4,2,5
1386,1,1,1,1,1,1,1,3,4,4,2,5
1387,1,1,1,1,1,1,1,3,4,4,2,5
1388,1,1,3,2,1,1,4,3,1,1,3,5
1389,1,4,1,1,1,4,5,2,6,4,6,5
1390,6,4,1,1,1,3,4,2,5,4,4,6
1391,3,1,3,1,1,1,4,3,1,4,5,5
1392,1,8,1,1,1,1,1,2,2,4,6,5
1393,3,4,3,1,1,3,2,3,4,4,6,5
1394,6,8,1,2,1,2,2,3,4,4,2,5
1395,7,1,1,1,1,1,1,3,4,1,2,6
1396,7,1,1,1,1,1,1,3,4,1,2,5
1397,1,8,3,1,1,3,5,3,4,4,6,5
1398,1,8,1,1,1,3,1,3,5,1,6,7
1399,1,1,1,1,1,1,1,2,1,1,5,6
1400,3,1,3,1,1,2,3,3,4,4,6,5
1401,3,1,3,1,1,2,3,3,4,4,6,5
1402,3,5,2,1,1,1,1,3,1,3,1,6
1403,1,5,3,1,1,1,1,3,2,5,6,8
1404,3,4,2,1,1,3,4,1,1,1,3,6
1405,3,5,3,1,1,3,4,2,4,3,5,7
1406,3,5,3,2,1,1,1,3,2,3,5,6
1407,6,4,1,1,1,4,2,2,5,3,3,6
1408,3,5,2,1,1,4,2,2,4,5,4,7
1409,6,4,1,1,1,4,2,2,5,3,3,6
1410,1,7,1,1,1,1,1,2,5,4,1,6
1411,6,4,2,1,1,1,1,3,5,1,3,6
1412,3,5,3,2,1,1,1,3,2,3,5,6
1413,2,8,3,1,1,3,5,3,6,3,6,5
1414,2,5,4,1,1,1,1,1,2,3,2,5
1415,6,8,1,1,1,1,1,3,5,3,2,5
1416,2,5,4,1,1,1,1,1,2,3,2,5
1417,1,2,3,1,1,3,4,2,1,3,1,7
1418,3,4,1,1,1,1,1,2,2,4,6,5
1419,3,1,3,1,1,2,3,2,4,4,6,5
1420,3,4,1,1,1,1,1,2,2,4,6,5
1421,3,2,3,1,1,2,2,3,4,4,2,5
1422,1,4,1,1,1,4,2,2,1,3,5,6
1423,6,4,1,2,1,3,4,3,5,1,5,4
1424,3,5,2,1,1,1,1,3,4,1,2,6
1425,3,5,2,1,1,1,1,3,4,1,2,6
1426,3,5,2,1,1,2,2,3,1,1,1,6
1427,3,2,3,1,1,1,1,3,4,4,5,5
1428,3,1,1,1,1,2,2,3,4,1,5,5
1429,3,5,2,1,1,4,2,3,4,3,5,5
1430,1,2,3,1,1,3,4,2,1,1,3,5
1431,3,2,3,1,1,3,2,3,4,4,6,6
1432,6,2,1,1,1,1,1,2,5,3,1,6
1433,6,2,3,1,1,1,1,2,1,3,6,7
1434,2,4,2,3,3,4,5,1,2,3,2,6
1435,2,4,2,3,3,4,5,1,2,3,2,6
1436,2,2,2,1,3,2,5,1,2,1,2,5
1437,1,7,3,2,1,3,4,3,5,4,5,5
1438,1,8,1,1,1,1,1,3,1,4,3,5
1439,1,1,1,1,1,2,5,2,4,1,5,6
1440,1,2,3,1,1,3,1,2,2,1,5,7
1441,1,3,3,2,1,3,5,3,2,4,2,6
1442,1,8,1,1,1,3,4,3,1,3,6,5
1443,1,8,3,1,1,1,1,2,1,4,1,5
1444,1,1,1,1,1,2,5,2,4,1,5,6
1445,1,3,3,2,1,3,5,3,2,4,2,6
1446,1,8,1,1,1,3,4,3,1,3,6,5
1447,1,1,1,1,1,2,4,3,1,3,6,5
1448,1,8,1,1,1,4,2,3,1,1,6,5
1449,1,2,3,1,1,3,1,2,2,3,5,8
1450,1,2,3,1,1,3,1,2,2,1,5,7
1451,3,5,2,1,1,1,1,3,4,3,5,7
1452,1,8,1,1,1,4,2,2,1,3,1,7
1453,3,4,3,1,1,2,5,3,1,4,2,5
1454,5,4,4,1,1,1,1,1,2,1,5,6
1455,1,3,1,1,1,1,1,2,5,1,5,6
1456,6,4,1,1,1,4,5,2,4,4,3,6
1457,3,4,3,1,1,2,5,3,1,4,2,5
1458,3,5,2,1,1,1,1,3,1,1,3,5
1459,3,5,3,1,1,1,1,2,4,3,1,7
1460,6,2,1,1,1,2,2,3,1,1,3,6
1461,6,3,1,1,1,1,1,3,5,1,6,4
1462,1,1,1,1,1,3,4,2,1,4,3,6
1463,1,8,1,1,1,3,4,2,4,4,5,6
1464,1,8,1,1,1,2,2,3,1,1,6,5
1465,1,8,1,1,1,2,2,3,1,1,6,5
1466,1,4,3,1,1,2,2,3,4,1,6,7
1467,1,7,1,1,1,3,4,3,5,4,5,4
1468,1,4,3,1,1,2,2,3,4,1,6,7
1469,1,7,1,1,1,3,4,3,4,4,6,3
1470,2,1,1,1,1,1,1,3,6,4,6,5
1471,1,1,1,1,1,1,1,2,1,4,4,5
1472,3,2,4,1,1,2,4,3,1,3,5,6
1473,6,8,1,1,1,3,4,2,1,4,5,5
1474,2,4,2,3,3,4,5,1,2,3,2,5
1475,6,4,1,1,1,3,5,2,5,3,7,7
1476,2,4,2,3,3,4,5,1,2,3,2,5
1477,6,4,1,1,1,3,5,2,5,3,7,7
1478,1,3,1,2,1,1,1,3,1,4,6,3
1479,3,5,4,1,1,1,1,1,1,1,3,5
1480,6,8,1,1,1,1,1,2,3,1,6,4
1481,3,5,4,1,1,1,1,1,1,1,3,5
1482,1,8,4,1,1,1,1,3,4,4,3,4
1483,3,5,2,1,1,1,1,2,1,1,3,5
1484,1,7,1,1,1,1,1,3,5,1,5,4
1485,1,1,3,1,1,1,1,3,1,4,6,5
1486,1,1,3,1,1,1,1,2,1,1,3,5
1487,6,1,1,1,1,1,1,2,5,3,3,5
1488,6,4,1,1,1,1,1,2,3,4,5,5
1489,6,8,1,1,1,1,1,2,1,3,5,6
1490,1,5,2,1,1,1,1,2,1,4,4,6
1491,6,4,1,1,1,1,1,2,3,4,5,5
1492,6,1,1,1,1,1,1,2,5,4,1,5
1493,3,4,3,1,1,2,3,3,4,4,6,5
1494,6,5,1,1,1,3,1,2,1,1,6,7
1495,1,2,1,1,1,3,1,2,1,3,3,6
1496,3,4,3,1,1,2,3,3,4,4,6,5
1497,1,1,1,1,1,1,1,2,1,1,1,6
1498,1,3,1,1,1,1,1,3,5,4,5,6
1499,1,1,1,1,1,1,1,2,1,1,1,6
1500,3,1,1,1,1,1,1,2,4,4,2,5
1501,3,3,3,2,1,3,2,3,2,4,2,5
1502,1,8,3,1,1,3,2,3,4,4,6,5
1503,6,2,2,1,1,1,1,2,5,1,5,6
1504,3,2,4,1,1,1,1,3,1,4,5,6
1505,1,3,1,1,1,1,1,3,5,1,6,3
1506,1,3,1,1,1,1,1,2,5,1,5,6
1507,3,2,4,1,1,1,1,3,1,4,5,6
1508,1,5,4,1,1,3,1,1,1,1,3,6
1509,3,5,2,1,1,1,1,2,4,1,5,5
1510,6,2,3,1,1,2,4,3,5,3,6,6
1511,1,1,1,1,1,3,1,3,1,1,6,5
1512,6,3,1,1,1,1,1,3,5,1,3,6
1513,6,8,1,1,1,3,2,2,4,1,3,6
1514,1,3,3,2,1,3,2,1,5,1,2,6
1515,1,3,3,2,1,3,2,1,5,1,2,6
1516,6,5,3,1,1,2,2,3,1,5,3,5
1517,1,4,1,1,1,2,4,2,1,3,3,6
1518,1,4,2,1,1,1,1,3,4,1,3,5
1519,1,1,1,1,1,3,1,3,1,4,6,5
1520,1,4,1,1,1,2,4,2,1,3,3,6
1521,1,4,3,1,1,1,1,3,1,4,2,4
1522,6,5,3,1,1,2,2,3,1,5,3,5
1523,1,4,3,1,1,2,2,2,4,1,3,5
1524,6,2,3,1,1,2,4,2,1,3,6,6
1525,1,4,1,1,1,3,4,2,4,1,6,5
1526,1,4,1,1,1,3,4,2,4,1,2,6
1527,1,4,1,1,1,3,1,2,4,1,5,6
1528,3,5,2,1,1,3,2,3,4,1,6,6
1529,1,1,1,1,1,4,2,3,1,1,6,6
1530,1,2,1,1,1,1,1,2,1,1,5,6
1531,6,1,1,1,1,3,1,3,5,1,6,5
1532,1,4,1,1,1,3,1,3,2,1,6,6
1533,3,2,3,1,1,2,5,3,1,1,2,5
1534,1,8,1,1,1,3,1,2,1,1,1,7
1535,1,8,1,1,1,3,4,3,1,4,6,6
1536,6,4,1,1,1,2,4,2,5,1,3,6
1537,6,8,1,1,1,3,4,2,5,1,6,6
1538,6,1,1,1,1,3,1,2,5,1,1,5
1539,1,2,3,1,1,2,2,3,1,3,6,5
1540,6,4,1,2,1,1,4,3,5,1,1,6
1541,1,5,3,1,1,3,4,3,1,3,5,7
1542,1,3,1,1,1,2,4,2,4,4,3,6
1543,5,2,2,1,1,3,1,3,4,4,3,6
1544,3,2,2,1,1,3,1,2,2,3,5,7
1545,1,8,3,1,1,3,1,2,1,1,6,6
1546,1,8,1,1,1,3,1,3,1,1,6,5
1547,6,8,1,1,1,3,1,2,5,4,1,5
1548,5,2,2,1,1,3,4,3,6,4,3,5
1549,1,2,3,1,1,3,1,2,4,1,5,8
1550,1,1,1,1,1,3,1,3,1,4,2,5
1551,1,1,1,1,1,3,1,3,1,4,2,5
1552,6,1,1,1,1,2,2,3,5,1,5,6
1553,1,1,1,1,1,3,1,3,1,1,2,5
1554,1,3,1,1,1,3,1,3,5,1,5,6
1555,1,8,3,1,1,3,1,2,1,1,3,7
1556,1,3,1,1,1,3,1,3,5,4,6,5
1557,1,3,1,1,1,3,1,3,5,1,5,6
1558,1,8,3,2,3,4,3,3,2,4,2,5
1559,3,8,3,1,1,2,3,3,2,4,6,5
1560,3,8,3,1,1,2,3,3,2,4,6,5
1561,3,8,3,1,1,2,3,3,2,4,6,5
1562,1,1,1,1,1,3,1,2,4,4,6,5
1563,1,1,1,1,1,3,1,2,4,4,6,5
1564,1,1,1,1,1,3,1,2,4,4,6,5
1565,1,1,1,1,1,2,4,2,1,3,5,6
1566,1,5,4,1,1,2,2,2,4,1,5,6
1567,1,1,1,1,1,3,1,2,4,4,6,5
1568,1,8,1,1,1,2,4,3,4,4,2,5
1569,6,4,1,1,1,3,4,2,5,4,1,6
1570,6,2,2,1,3,3,4,2,1,3,4,6
1571,6,2,1,1,1,3,1,2,1,1,5,6
1572,1,1,3,1,1,4,5,3,4,4,2,5
1573,6,8,3,1,1,3,4,2,5,1,4,6
1574,6,5,4,3,1,2,5,3,1,4,3,6
1575,3,4,2,1,1,3,1,2,4,1,1,6
1576,3,5,4,1,1,3,1,3,4,3,5,6
1577,6,1,1,2,1,3,1,3,5,1,1,6
1578,1,1,1,1,1,3,1,2,1,1,5,6
1579,6,8,1,1,1,2,4,2,5,1,5,5
1580,1,2,3,1,1,1,1,2,1,1,1,6
1581,6,8,1,1,1,2,4,2,5,1,5,5
1582,6,1,1,1,1,3,1,2,5,4,1,5
1583,6,4,3,1,1,2,5,3,4,1,6,5
1584,1,5,2,1,1,2,4,2,4,3,1,7
1585,1,2,2,1,1,2,4,2,4,3,1,6
1586,3,5,2,1,1,2,2,2,4,3,5,6
1587,6,8,1,1,1,3,1,2,5,1,5,6
1588,1,1,3,1,1,2,5,2,4,3,4,6
1589,1,1,3,2,1,2,5,3,4,4,2,5
1590,6,8,1,1,1,2,4,2,4,3,1,6
1591,6,1,1,1,1,3,1,2,3,4,1,6
1592,6,4,1,1,1,2,4,3,1,3,5,6
1593,1,8,1,1,1,2,4,3,1,3,2,6
1594,6,8,1,1,1,2,4,2,1,4,3,5
1595,6,8,1,1,1,4,4,2,5,3,5,6
1596,6,4,1,1,1,2,4,3,1,3,5,6
1597,6,1,1,1,1,2,4,2,5,1,6,5
1598,6,5,2,1,1,3,4,2,1,1,5,6
